{"lr": 0.0019819639278557113, "data_time": 0.0346439266204834, "loss": 2.439391040802002, "loss_rpn_cls": 0.5413479515910149, "loss_rpn_bbox": 0.10841049635782837, "loss_cls": 0.9742537592351437, "acc": 97.16796875, "loss_bbox": 0.06667729287117254, "loss_mask": 0.7487015450000762, "time": 0.5533875131607056, "epoch": 1, "iter": 50, "memory": 3415, "step": 50}
{"lr": 0.0039839679358717435, "data_time": 0.025422611236572266, "loss": 1.7829881691932679, "loss_rpn_cls": 0.2597342146933079, "loss_rpn_bbox": 0.11706865325570107, "loss_cls": 0.4919979465007782, "acc": 94.62890625, "loss_bbox": 0.2197443564981222, "loss_mask": 0.6944429957866669, "time": 0.5030812931060791, "epoch": 1, "iter": 100, "memory": 3840, "step": 100}
